location,iso3,name,g_per_kwh,year,basis,source
WORLD,OWID_WRL,World,458.29,2025,lifecycle,"Ember (2026) Yearly Electricity Data via Our World in Data, lifecycle gCO2e/kWh, CC BY"
AF,AFG,Afghanistan,131.31,2024,lifecycle,"Ember (2026) Yearly Electricity Data via Our World in Data, lifecycle gCO2e/kWh, CC BY"
OWID_AFR,OWID_AFR,Africa,544.13214,2024,lifecycle,"Ember (2026) Yearly Electricity Data via Our World in Data, lifecycle gCO2e/kWh, CC BY"
AL,ALB,Albania,25.18,2024,lifecycle,"Ember (2026) Yearly Electricity Data via Our World in Data, lifecycle gCO2e/kWh, CC BY"
DZ,DZA,Algeria,632.94,2024,lifecycle,"Ember (2026) Yearly Electricity Data via Our World in Data, lifecycle gCO2e/kWh, CC BY"
AS,ASM,American Samoa,611.11,2024,lifecycle,"Ember (2026) Yearly Electricity Data via Our World in Data, lifecycle gCO2e/kWh, CC BY"
AO,AGO,Angola,185.38,2024,lifecycle,"Ember (2026) Yearly Electricity Data via Our World in Data, lifecycle gCO2e/kWh, CC BY"
AG,ATG,Antigua and Barbuda,594.6,2024,lifecycle,"Ember (2026) Yearly Electricity Data via Our World in Data, lifecycle gCO2e/kWh, CC BY"
AR,ARG,Argentina,346.0,2025,lifecycle,"Ember (2026) Yearly Electricity Data via Our World in Data, lifecycle gCO2e/kWh, CC BY"
AM,ARM,Armenia,211.93,2025,lifecycle,"Ember (2026) Yearly Electricity Data via Our World in Data, lifecycle gCO2e/kWh, CC BY"
AW,ABW,Aruba,550.0,2024,lifecycle,"Ember (2026) Yearly Electricity Data via Our World in Data, lifecycle gCO2e/kWh, CC BY"
OWID_ASI,OWID_ASI,Asia,573.3573,2024,lifecycle,"Ember (2026) Yearly Electricity Data via Our World in Data, lifecycle gCO2e/kWh, CC BY"
AU,AUS,Australia,525.18,2025,lifecycle,"Ember (2026) Yearly Electricity Data via Our World in Data, lifecycle gCO2e/kWh, CC BY"
AT,AUT,Austria,116.91,2025,lifecycle,"Ember (2026) Yearly Electricity Data via Our World in Data, lifecycle gCO2e/kWh, CC BY"
AZ,AZE,Azerbaijan,631.9,2025,lifecycle,"Ember (2026) Yearly Electricity Data via Our World in Data, lifecycle gCO2e/kWh, CC BY"
BS,BHS,Bahamas,653.33,2024,lifecycle,"Ember (2026) Yearly Electricity Data via Our World in Data, lifecycle gCO2e/kWh, CC BY"
BH,BHR,Bahrain,902.24,2024,lifecycle,"Ember (2026) Yearly Electricity Data via Our World in Data, lifecycle gCO2e/kWh, CC BY"
BD,BGD,Bangladesh,696.13,2025,lifecycle,"Ember (2026) Yearly Electricity Data via Our World in Data, lifecycle gCO2e/kWh, CC BY"
BB,BRB,Barbados,594.6,2024,lifecycle,"Ember (2026) Yearly Electricity Data via Our World in Data, lifecycle gCO2e/kWh, CC BY"
BY,BLR,Belarus,309.25,2025,lifecycle,"Ember (2026) Yearly Electricity Data via Our World in Data, lifecycle gCO2e/kWh, CC BY"
BE,BEL,Belgium,149.82,2025,lifecycle,"Ember (2026) Yearly Electricity Data via Our World in Data, lifecycle gCO2e/kWh, CC BY"
BZ,BLZ,Belize,170.21,2024,lifecycle,"Ember (2026) Yearly Electricity Data via Our World in Data, lifecycle gCO2e/kWh, CC BY"
BJ,BEN,Benin,584.16,2024,lifecycle,"Ember (2026) Yearly Electricity Data via Our World in Data, lifecycle gCO2e/kWh, CC BY"
BM,BMU,Bermuda,639.34,2024,lifecycle,"Ember (2026) Yearly Electricity Data via Our World in Data, lifecycle gCO2e/kWh, CC BY"
BT,BTN,Bhutan,23.64,2024,lifecycle,"Ember (2026) Yearly Electricity Data via Our World in Data, lifecycle gCO2e/kWh, CC BY"
BO,BOL,Bolivia,481.29,2025,lifecycle,"Ember (2026) Yearly Electricity Data via Our World in Data, lifecycle gCO2e/kWh, CC BY"
BA,BIH,Bosnia and Herzegovina,570.64,2025,lifecycle,"Ember (2026) Yearly Electricity Data via Our World in Data, lifecycle gCO2e/kWh, CC BY"
BW,BWA,Botswana,851.31,2024,lifecycle,"Ember (2026) Yearly Electricity Data via Our World in Data, lifecycle gCO2e/kWh, CC BY"
BR,BRA,Brazil,109.95,2025,lifecycle,"Ember (2026) Yearly Electricity Data via Our World in Data, lifecycle gCO2e/kWh, CC BY"
VG,VGB,British Virgin Islands,647.06,2023,lifecycle,"Ember (2026) Yearly Electricity Data via Our World in Data, lifecycle gCO2e/kWh, CC BY"
BN,BRN,Brunei,892.09,2024,lifecycle,"Ember (2026) Yearly Electricity Data via Our World in Data, lifecycle gCO2e/kWh, CC BY"
BG,BGR,Bulgaria,275.55,2025,lifecycle,"Ember (2026) Yearly Electricity Data via Our World in Data, lifecycle gCO2e/kWh, CC BY"
BF,BFA,Burkina Faso,562.13,2024,lifecycle,"Ember (2026) Yearly Electricity Data via Our World in Data, lifecycle gCO2e/kWh, CC BY"
BI,BDI,Burundi,183.67,2024,lifecycle,"Ember (2026) Yearly Electricity Data via Our World in Data, lifecycle gCO2e/kWh, CC BY"
KH,KHM,Cambodia,498.87,2025,lifecycle,"Ember (2026) Yearly Electricity Data via Our World in Data, lifecycle gCO2e/kWh, CC BY"
CM,CMR,Cameroon,225.9,2024,lifecycle,"Ember (2026) Yearly Electricity Data via Our World in Data, lifecycle gCO2e/kWh, CC BY"
CA,CAN,Canada,190.72,2025,lifecycle,"Ember (2026) Yearly Electricity Data via Our World in Data, lifecycle gCO2e/kWh, CC BY"
CV,CPV,Cape Verde,461.54,2024,lifecycle,"Ember (2026) Yearly Electricity Data via Our World in Data, lifecycle gCO2e/kWh, CC BY"
KY,CYM,Cayman Islands,633.8,2024,lifecycle,"Ember (2026) Yearly Electricity Data via Our World in Data, lifecycle gCO2e/kWh, CC BY"
CF,CAF,Central African Republic,24.0,2024,lifecycle,"Electricity Maps (2025). Central African Republic 2024 Yearly Carbon Intensity Data (Version January 27, 2025). Electricity Maps (via Green Algorithms data v3.1)"
TD,TCD,Chad,621.62,2024,lifecycle,"Ember (2026) Yearly Electricity Data via Our World in Data, lifecycle gCO2e/kWh, CC BY"
CL,CHL,Chile,289.49,2025,lifecycle,"Ember (2026) Yearly Electricity Data via Our World in Data, lifecycle gCO2e/kWh, CC BY"
CN,CHN,China,525.34,2025,lifecycle,"Ember (2026) Yearly Electricity Data via Our World in Data, lifecycle gCO2e/kWh, CC BY"
CO,COL,Colombia,186.81,2025,lifecycle,"Ember (2026) Yearly Electricity Data via Our World in Data, lifecycle gCO2e/kWh, CC BY"
KM,COM,Comoros,700.0,2024,lifecycle,"Electricity Maps (2025). Comoros 2024 Yearly Carbon Intensity Data (Version January 27, 2025). Electricity Maps (via Green Algorithms data v3.1)"
CG,COG,Congo,716.12,2024,lifecycle,"Ember (2026) Yearly Electricity Data via Our World in Data, lifecycle gCO2e/kWh, CC BY"
CK,COK,Cook Islands,250.0,2024,lifecycle,"Ember (2026) Yearly Electricity Data via Our World in Data, lifecycle gCO2e/kWh, CC BY"
CR,CRI,Costa Rica,24.2,2025,lifecycle,"Ember (2026) Yearly Electricity Data via Our World in Data, lifecycle gCO2e/kWh, CC BY"
CI,CIV,Cote d'Ivoire,405.01,2024,lifecycle,"Ember (2026) Yearly Electricity Data via Our World in Data, lifecycle gCO2e/kWh, CC BY"
HR,HRV,Croatia,158.5,2025,lifecycle,"Ember (2026) Yearly Electricity Data via Our World in Data, lifecycle gCO2e/kWh, CC BY"
CU,CUB,Cuba,642.82,2024,lifecycle,"Ember (2026) Yearly Electricity Data via Our World in Data, lifecycle gCO2e/kWh, CC BY"
CY,CYP,Cyprus,489.0,2025,lifecycle,"Ember (2026) Yearly Electricity Data via Our World in Data, lifecycle gCO2e/kWh, CC BY"
CZ,CZE,Czechia,401.46,2025,lifecycle,"Ember (2026) Yearly Electricity Data via Our World in Data, lifecycle gCO2e/kWh, CC BY"
CD,COD,Democratic Republic of Congo,27.64,2024,lifecycle,"Ember (2026) Yearly Electricity Data via Our World in Data, lifecycle gCO2e/kWh, CC BY"
DK,DNK,Denmark,114.41,2025,lifecycle,"Ember (2026) Yearly Electricity Data via Our World in Data, lifecycle gCO2e/kWh, CC BY"
DJ,DJI,Djibouti,450.0,2024,lifecycle,"Ember (2026) Yearly Electricity Data via Our World in Data, lifecycle gCO2e/kWh, CC BY"
DM,DMA,Dominica,540.94,2024,lifecycle,"Electricity Maps (2025). Dominica 2024 Yearly Carbon Intensity Data (Version January 27, 2025). Electricity Maps (via Green Algorithms data v3.1)"
DO,DOM,Dominican Republic,537.48,2025,lifecycle,"Ember (2026) Yearly Electricity Data via Our World in Data, lifecycle gCO2e/kWh, CC BY"
TL,TLS,East Timor,666.67,2024,lifecycle,"Ember (2026) Yearly Electricity Data via Our World in Data, lifecycle gCO2e/kWh, CC BY"
EC,ECU,Ecuador,159.02,2025,lifecycle,"Ember (2026) Yearly Electricity Data via Our World in Data, lifecycle gCO2e/kWh, CC BY"
EG,EGY,Egypt,563.23,2025,lifecycle,"Ember (2026) Yearly Electricity Data via Our World in Data, lifecycle gCO2e/kWh, CC BY"
SV,SLV,El Salvador,139.32,2025,lifecycle,"Ember (2026) Yearly Electricity Data via Our World in Data, lifecycle gCO2e/kWh, CC BY"
GQ,GNQ,Equatorial Guinea,644.3,2024,lifecycle,"Ember (2026) Yearly Electricity Data via Our World in Data, lifecycle gCO2e/kWh, CC BY"
ER,ERI,Eritrea,577.78,2024,lifecycle,"Ember (2026) Yearly Electricity Data via Our World in Data, lifecycle gCO2e/kWh, CC BY"
EE,EST,Estonia,319.15,2025,lifecycle,"Ember (2026) Yearly Electricity Data via Our World in Data, lifecycle gCO2e/kWh, CC BY"
SZ,SWZ,Eswatini,131.15,2024,lifecycle,"Ember (2026) Yearly Electricity Data via Our World in Data, lifecycle gCO2e/kWh, CC BY"
ET,ETH,Ethiopia,23.08,2025,lifecycle,"Ember (2026) Yearly Electricity Data via Our World in Data, lifecycle gCO2e/kWh, CC BY"
OWID_EUR,OWID_EUR,Europe,271.19,2025,lifecycle,"Ember (2026) Yearly Electricity Data via Our World in Data, lifecycle gCO2e/kWh, CC BY"
OWID_EU27,OWID_EU27,European Union (27),209.89671,2025,lifecycle,"Ember (2026) Yearly Electricity Data via Our World in Data, lifecycle gCO2e/kWh, CC BY"
FK,FLK,Falkland Islands,355.45,2024,lifecycle,"Electricity Maps (2025). Falkland Islands 2024 Yearly Carbon Intensity Data (Version January 27, 2025). Electricity Maps (via Green Algorithms data v3.1)"
FO,FRO,Faroe Islands,398.18,2024,lifecycle,"Electricity Maps (2025). Faroe Islands 2024 Yearly Carbon Intensity Data (Version January 27, 2025). Electricity Maps (via Green Algorithms data v3.1)"
FJ,FJI,Fiji,278.26,2024,lifecycle,"Ember (2026) Yearly Electricity Data via Our World in Data, lifecycle gCO2e/kWh, CC BY"
FI,FIN,Finland,57.47,2025,lifecycle,"Ember (2026) Yearly Electricity Data via Our World in Data, lifecycle gCO2e/kWh, CC BY"
FR,FRA,France,41.44,2025,lifecycle,"Ember (2026) Yearly Electricity Data via Our World in Data, lifecycle gCO2e/kWh, CC BY"
GF,GUF,French Guiana,408.79,2024,lifecycle,"Electricity Maps (2025). French Guiana 2024 Yearly Carbon Intensity Data (Version January 27, 2025). Electricity Maps (via Green Algorithms data v3.1)"
PF,PYF,French Polynesia,430.56,2024,lifecycle,"Ember (2026) Yearly Electricity Data via Our World in Data, lifecycle gCO2e/kWh, CC BY"
GA,GAB,Gabon,523.08,2024,lifecycle,"Ember (2026) Yearly Electricity Data via Our World in Data, lifecycle gCO2e/kWh, CC BY"
GM,GMB,Gambia,666.67,2024,lifecycle,"Ember (2026) Yearly Electricity Data via Our World in Data, lifecycle gCO2e/kWh, CC BY"
GE,GEO,Georgia,145.93,2025,lifecycle,"Ember (2026) Yearly Electricity Data via Our World in Data, lifecycle gCO2e/kWh, CC BY"
DE,DEU,Germany,329.65,2025,lifecycle,"Ember (2026) Yearly Electricity Data via Our World in Data, lifecycle gCO2e/kWh, CC BY"
GH,GHA,Ghana,468.89,2024,lifecycle,"Ember (2026) Yearly Electricity Data via Our World in Data, lifecycle gCO2e/kWh, CC BY"
GI,GIB,Gibraltar,590.91,2024,lifecycle,"Ember (2026) Yearly Electricity Data via Our World in Data, lifecycle gCO2e/kWh, CC BY"
GR,GRC,Greece,315.09,2025,lifecycle,"Ember (2026) Yearly Electricity Data via Our World in Data, lifecycle gCO2e/kWh, CC BY"
GL,GRL,Greenland,150.0,2024,lifecycle,"Ember (2026) Yearly Electricity Data via Our World in Data, lifecycle gCO2e/kWh, CC BY"
GD,GRD,Grenada,666.67,2024,lifecycle,"Ember (2026) Yearly Electricity Data via Our World in Data, lifecycle gCO2e/kWh, CC BY"
GP,GLP,Guadeloupe,532.64,2024,lifecycle,"Electricity Maps (2025). Guadeloupe 2024 Yearly Carbon Intensity Data (Version January 27, 2025). Electricity Maps (via Green Algorithms data v3.1)"
GU,GUM,Guam,607.53,2024,lifecycle,"Ember (2026) Yearly Electricity Data via Our World in Data, lifecycle gCO2e/kWh, CC BY"
GT,GTM,Guatemala,301.46,2024,lifecycle,"Ember (2026) Yearly Electricity Data via Our World in Data, lifecycle gCO2e/kWh, CC BY"
GN,GIN,Guinea,181.14,2024,lifecycle,"Ember (2026) Yearly Electricity Data via Our World in Data, lifecycle gCO2e/kWh, CC BY"
GW,GNB,Guinea-Bissau,625.0,2024,lifecycle,"Ember (2026) Yearly Electricity Data via Our World in Data, lifecycle gCO2e/kWh, CC BY"
GY,GUY,Guyana,644.93,2024,lifecycle,"Ember (2026) Yearly Electricity Data via Our World in Data, lifecycle gCO2e/kWh, CC BY"
HT,HTI,Haiti,534.88,2024,lifecycle,"Ember (2026) Yearly Electricity Data via Our World in Data, lifecycle gCO2e/kWh, CC BY"
OWID_HIC,OWID_HIC,High-income countries,368.63446,2024,lifecycle,"Ember (2026) Yearly Electricity Data via Our World in Data, lifecycle gCO2e/kWh, CC BY"
HN,HND,Honduras,322.12,2024,lifecycle,"Ember (2026) Yearly Electricity Data via Our World in Data, lifecycle gCO2e/kWh, CC BY"
HK,HKG,Hong Kong,675.48,2024,lifecycle,"Ember (2026) Yearly Electricity Data via Our World in Data, lifecycle gCO2e/kWh, CC BY"
HU,HUN,Hungary,163.02,2025,lifecycle,"Ember (2026) Yearly Electricity Data via Our World in Data, lifecycle gCO2e/kWh, CC BY"
IS,ISL,Iceland,27.82,2024,lifecycle,"Ember (2026) Yearly Electricity Data via Our World in Data, lifecycle gCO2e/kWh, CC BY"
IN,IND,India,670.13,2025,lifecycle,"Ember (2026) Yearly Electricity Data via Our World in Data, lifecycle gCO2e/kWh, CC BY"
ID,IDN,Indonesia,680.25,2024,lifecycle,"Ember (2026) Yearly Electricity Data via Our World in Data, lifecycle gCO2e/kWh, CC BY"
IR,IRN,Iran,659.53,2025,lifecycle,"Ember (2026) Yearly Electricity Data via Our World in Data, lifecycle gCO2e/kWh, CC BY"
IQ,IRQ,Iraq,683.1,2024,lifecycle,"Ember (2026) Yearly Electricity Data via Our World in Data, lifecycle gCO2e/kWh, CC BY"
IE,IRL,Ireland,256.54,2025,lifecycle,"Ember (2026) Yearly Electricity Data via Our World in Data, lifecycle gCO2e/kWh, CC BY"
IL,ISR,Israel,492.69,2025,lifecycle,"Ember (2026) Yearly Electricity Data via Our World in Data, lifecycle gCO2e/kWh, CC BY"
IT,ITA,Italy,284.78,2025,lifecycle,"Ember (2026) Yearly Electricity Data via Our World in Data, lifecycle gCO2e/kWh, CC BY"
JM,JAM,Jamaica,563.01,2024,lifecycle,"Ember (2026) Yearly Electricity Data via Our World in Data, lifecycle gCO2e/kWh, CC BY"
JP,JPN,Japan,477.26,2025,lifecycle,"Ember (2026) Yearly Electricity Data via Our World in Data, lifecycle gCO2e/kWh, CC BY"
JO,JOR,Jordan,529.79,2024,lifecycle,"Ember (2026) Yearly Electricity Data via Our World in Data, lifecycle gCO2e/kWh, CC BY"
KZ,KAZ,Kazakhstan,805.32,2025,lifecycle,"Ember (2026) Yearly Electricity Data via Our World in Data, lifecycle gCO2e/kWh, CC BY"
KE,KEN,Kenya,95.44,2025,lifecycle,"Ember (2026) Yearly Electricity Data via Our World in Data, lifecycle gCO2e/kWh, CC BY"
KI,KIR,Kiribati,500.0,2024,lifecycle,"Ember (2026) Yearly Electricity Data via Our World in Data, lifecycle gCO2e/kWh, CC BY"
OWID_KOS,OWID_KOS,Kosovo,900.94,2025,lifecycle,"Ember (2026) Yearly Electricity Data via Our World in Data, lifecycle gCO2e/kWh, CC BY"
KW,KWT,Kuwait,635.31,2025,lifecycle,"Ember (2026) Yearly Electricity Data via Our World in Data, lifecycle gCO2e/kWh, CC BY"
KG,KGZ,Kyrgyzstan,152.73,2025,lifecycle,"Ember (2026) Yearly Electricity Data via Our World in Data, lifecycle gCO2e/kWh, CC BY"
LA,LAO,Laos,232.08,2024,lifecycle,"Ember (2026) Yearly Electricity Data via Our World in Data, lifecycle gCO2e/kWh, CC BY"
LV,LVA,Latvia,138.76,2025,lifecycle,"Ember (2026) Yearly Electricity Data via Our World in Data, lifecycle gCO2e/kWh, CC BY"
LB,LBN,Lebanon,389.51,2024,lifecycle,"Ember (2026) Yearly Electricity Data via Our World in Data, lifecycle gCO2e/kWh, CC BY"
LS,LSO,Lesotho,24.0,2024,lifecycle,"Electricity Maps (2025). Lesotho 2024 Yearly Carbon Intensity Data (Version January 27, 2025). Electricity Maps (via Green Algorithms data v3.1)"
LR,LBR,Liberia,315.79,2024,lifecycle,"Ember (2026) Yearly Electricity Data via Our World in Data, lifecycle gCO2e/kWh, CC BY"
LY,LBY,Libya,826.83,2024,lifecycle,"Ember (2026) Yearly Electricity Data via Our World in Data, lifecycle gCO2e/kWh, CC BY"
LT,LTU,Lithuania,138.36,2025,lifecycle,"Ember (2026) Yearly Electricity Data via Our World in Data, lifecycle gCO2e/kWh, CC BY"
OWID_LIC,OWID_LIC,Low-income countries,281.6928,2024,lifecycle,"Ember (2026) Yearly Electricity Data via Our World in Data, lifecycle gCO2e/kWh, CC BY"
OWID_LMC,OWID_LMC,Lower-middle-income countries,621.5796,2024,lifecycle,"Ember (2026) Yearly Electricity Data via Our World in Data, lifecycle gCO2e/kWh, CC BY"
LU,LUX,Luxembourg,123.38,2025,lifecycle,"Ember (2026) Yearly Electricity Data via Our World in Data, lifecycle gCO2e/kWh, CC BY"
MO,MAC,Macao,474.36,2024,lifecycle,"Ember (2026) Yearly Electricity Data via Our World in Data, lifecycle gCO2e/kWh, CC BY"
MG,MDG,Madagascar,432.1,2024,lifecycle,"Ember (2026) Yearly Electricity Data via Our World in Data, lifecycle gCO2e/kWh, CC BY"
MW,MWI,Malawi,54.65,2024,lifecycle,"Ember (2026) Yearly Electricity Data via Our World in Data, lifecycle gCO2e/kWh, CC BY"
MY,MYS,Malaysia,601.97,2025,lifecycle,"Ember (2026) Yearly Electricity Data via Our World in Data, lifecycle gCO2e/kWh, CC BY"
MV,MDV,Maldives,611.77,2024,lifecycle,"Ember (2026) Yearly Electricity Data via Our World in Data, lifecycle gCO2e/kWh, CC BY"
ML,MLI,Mali,538.59,2024,lifecycle,"Ember (2026) Yearly Electricity Data via Our World in Data, lifecycle gCO2e/kWh, CC BY"
MT,MLT,Malta,484.02,2025,lifecycle,"Ember (2026) Yearly Electricity Data via Our World in Data, lifecycle gCO2e/kWh, CC BY"
MQ,MTQ,Martinique,578.57,2024,lifecycle,"Electricity Maps (2025). Martinique 2024 Yearly Carbon Intensity Data (Version January 27, 2025). Electricity Maps (via Green Algorithms data v3.1)"
MR,MRT,Mauritania,512.08,2024,lifecycle,"Ember (2026) Yearly Electricity Data via Our World in Data, lifecycle gCO2e/kWh, CC BY"
MU,MUS,Mauritius,642.23,2024,lifecycle,"Ember (2026) Yearly Electricity Data via Our World in Data, lifecycle gCO2e/kWh, CC BY"
MX,MEX,Mexico,474.02,2025,lifecycle,"Ember (2026) Yearly Electricity Data via Our World in Data, lifecycle gCO2e/kWh, CC BY"
MD,MDA,Moldova,633.12,2025,lifecycle,"Ember (2026) Yearly Electricity Data via Our World in Data, lifecycle gCO2e/kWh, CC BY"
MN,MNG,Mongolia,816.31,2025,lifecycle,"Ember (2026) Yearly Electricity Data via Our World in Data, lifecycle gCO2e/kWh, CC BY"
ME,MNE,Montenegro,264.23,2025,lifecycle,"Ember (2026) Yearly Electricity Data via Our World in Data, lifecycle gCO2e/kWh, CC BY"
MS,MSR,Montserrat,1000.0,2024,lifecycle,"Ember (2026) Yearly Electricity Data via Our World in Data, lifecycle gCO2e/kWh, CC BY"
MA,MAR,Morocco,596.4,2025,lifecycle,"Ember (2026) Yearly Electricity Data via Our World in Data, lifecycle gCO2e/kWh, CC BY"
MZ,MOZ,Mozambique,129.36,2024,lifecycle,"Ember (2026) Yearly Electricity Data via Our World in Data, lifecycle gCO2e/kWh, CC BY"
MM,MMR,Myanmar,502.99,2024,lifecycle,"Ember (2026) Yearly Electricity Data via Our World in Data, lifecycle gCO2e/kWh, CC BY"
NA,NAM,Namibia,48.78,2024,lifecycle,"Ember (2026) Yearly Electricity Data via Our World in Data, lifecycle gCO2e/kWh, CC BY"
NR,NRU,Nauru,600.0,2024,lifecycle,"Ember (2026) Yearly Electricity Data via Our World in Data, lifecycle gCO2e/kWh, CC BY"
NP,NPL,Nepal,24.26,2024,lifecycle,"Ember (2026) Yearly Electricity Data via Our World in Data, lifecycle gCO2e/kWh, CC BY"
NL,NLD,Netherlands,253.56,2025,lifecycle,"Ember (2026) Yearly Electricity Data via Our World in Data, lifecycle gCO2e/kWh, CC BY"
NC,NCL,New Caledonia,560.9,2024,lifecycle,"Ember (2026) Yearly Electricity Data via Our World in Data, lifecycle gCO2e/kWh, CC BY"
NZ,NZL,New Zealand,92.76,2025,lifecycle,"Ember (2026) Yearly Electricity Data via Our World in Data, lifecycle gCO2e/kWh, CC BY"
NI,NIC,Nicaragua,300.89,2024,lifecycle,"Ember (2026) Yearly Electricity Data via Our World in Data, lifecycle gCO2e/kWh, CC BY"
NE,NER,Niger,673.68,2024,lifecycle,"Ember (2026) Yearly Electricity Data via Our World in Data, lifecycle gCO2e/kWh, CC BY"
NG,NGA,Nigeria,455.71,2025,lifecycle,"Ember (2026) Yearly Electricity Data via Our World in Data, lifecycle gCO2e/kWh, CC BY"
OWID_NAM,OWID_NAM,North America,369.1179,2024,lifecycle,"Ember (2026) Yearly Electricity Data via Our World in Data, lifecycle gCO2e/kWh, CC BY"
KP,PRK,North Korea,340.59,2024,lifecycle,"Ember (2026) Yearly Electricity Data via Our World in Data, lifecycle gCO2e/kWh, CC BY"
MK,MKD,North Macedonia,441.35,2025,lifecycle,"Ember (2026) Yearly Electricity Data via Our World in Data, lifecycle gCO2e/kWh, CC BY"
NO,NOR,Norway,28.11,2025,lifecycle,"Ember (2026) Yearly Electricity Data via Our World in Data, lifecycle gCO2e/kWh, CC BY"
OWID_OCE,OWID_OCE,Oceania,494.82062,2024,lifecycle,"Ember (2026) Yearly Electricity Data via Our World in Data, lifecycle gCO2e/kWh, CC BY"
OM,OMN,Oman,544.47,2025,lifecycle,"Ember (2026) Yearly Electricity Data via Our World in Data, lifecycle gCO2e/kWh, CC BY"
PK,PAK,Pakistan,346.56,2025,lifecycle,"Ember (2026) Yearly Electricity Data via Our World in Data, lifecycle gCO2e/kWh, CC BY"
PS,PSE,Palestine,414.14,2024,lifecycle,"Ember (2026) Yearly Electricity Data via Our World in Data, lifecycle gCO2e/kWh, CC BY"
PA,PAN,Panama,221.15,2024,lifecycle,"Ember (2026) Yearly Electricity Data via Our World in Data, lifecycle gCO2e/kWh, CC BY"
PG,PNG,Papua New Guinea,513.74,2024,lifecycle,"Ember (2026) Yearly Electricity Data via Our World in Data, lifecycle gCO2e/kWh, CC BY"
PY,PRY,Paraguay,24.7,2025,lifecycle,"Ember (2026) Yearly Electricity Data via Our World in Data, lifecycle gCO2e/kWh, CC BY"
PE,PER,Peru,238.25,2025,lifecycle,"Ember (2026) Yearly Electricity Data via Our World in Data, lifecycle gCO2e/kWh, CC BY"
PH,PHL,Philippines,588.29,2025,lifecycle,"Ember (2026) Yearly Electricity Data via Our World in Data, lifecycle gCO2e/kWh, CC BY"
PL,POL,Poland,588.6,2025,lifecycle,"Ember (2026) Yearly Electricity Data via Our World in Data, lifecycle gCO2e/kWh, CC BY"
PT,PRT,Portugal,127.91,2025,lifecycle,"Ember (2026) Yearly Electricity Data via Our World in Data, lifecycle gCO2e/kWh, CC BY"
PR,PRI,Puerto Rico,654.66,2025,lifecycle,"Ember (2026) Yearly Electricity Data via Our World in Data, lifecycle gCO2e/kWh, CC BY"
QA,QAT,Qatar,581.52,2025,lifecycle,"Ember (2026) Yearly Electricity Data via Our World in Data, lifecycle gCO2e/kWh, CC BY"
RE,REU,Reunion,471.19,2024,lifecycle,"Electricity Maps (2025). Reunion 2024 Yearly Carbon Intensity Data (Version January 27, 2025). Electricity Maps (via Green Algorithms data v3.1)"
RO,ROU,Romania,250.75,2025,lifecycle,"Ember (2026) Yearly Electricity Data via Our World in Data, lifecycle gCO2e/kWh, CC BY"
RU,RUS,Russia,449.73,2025,lifecycle,"Ember (2026) Yearly Electricity Data via Our World in Data, lifecycle gCO2e/kWh, CC BY"
RW,RWA,Rwanda,353.98,2024,lifecycle,"Ember (2026) Yearly Electricity Data via Our World in Data, lifecycle gCO2e/kWh, CC BY"
SH,SHN,Saint Helena,1000.0,2023,lifecycle,"Ember (2026) Yearly Electricity Data via Our World in Data, lifecycle gCO2e/kWh, CC BY"
KN,KNA,Saint Kitts and Nevis,608.7,2024,lifecycle,"Ember (2026) Yearly Electricity Data via Our World in Data, lifecycle gCO2e/kWh, CC BY"
LC,LCA,Saint Lucia,650.0,2024,lifecycle,"Ember (2026) Yearly Electricity Data via Our World in Data, lifecycle gCO2e/kWh, CC BY"
PM,SPM,Saint Pierre and Miquelon,700.0,2024,lifecycle,"Electricity Maps (2025). Saint Pierre and Miquelon 2024 Yearly Carbon Intensity Data (Version January 27, 2025). Electricity Maps (via Green Algorithms data v3.1)"
VC,VCT,Saint Vincent and the Grenadines,600.0,2024,lifecycle,"Ember (2026) Yearly Electricity Data via Our World in Data, lifecycle gCO2e/kWh, CC BY"
WS,WSM,Samoa,375.0,2024,lifecycle,"Ember (2026) Yearly Electricity Data via Our World in Data, lifecycle gCO2e/kWh, CC BY"
ST,STP,Sao Tome and Principe,622.91,2024,lifecycle,"Electricity Maps (2025). Sao Tome and Principe 2024 Yearly Carbon Intensity Data (Version January 27, 2025). Electricity Maps (via Green Algorithms data v3.1)"
SA,SAU,Saudi Arabia,691.95,2024,lifecycle,"Ember (2026) Yearly Electricity Data via Our World in Data, lifecycle gCO2e/kWh, CC BY"
SN,SEN,Senegal,539.97,2024,lifecycle,"Ember (2026) Yearly Electricity Data via Our World in Data, lifecycle gCO2e/kWh, CC BY"
RS,SRB,Serbia,695.8,2025,lifecycle,"Ember (2026) Yearly Electricity Data via Our World in Data, lifecycle gCO2e/kWh, CC BY"
SC,SYC,Seychelles,555.56,2024,lifecycle,"Ember (2026) Yearly Electricity Data via Our World in Data, lifecycle gCO2e/kWh, CC BY"
SL,SLE,Sierra Leone,47.62,2024,lifecycle,"Ember (2026) Yearly Electricity Data via Our World in Data, lifecycle gCO2e/kWh, CC BY"
SG,SGP,Singapore,497.09,2025,lifecycle,"Ember (2026) Yearly Electricity Data via Our World in Data, lifecycle gCO2e/kWh, CC BY"
SK,SVK,Slovakia,94.85,2025,lifecycle,"Ember (2026) Yearly Electricity Data via Our World in Data, lifecycle gCO2e/kWh, CC BY"
SI,SVN,Slovenia,183.29,2025,lifecycle,"Ember (2026) Yearly Electricity Data via Our World in Data, lifecycle gCO2e/kWh, CC BY"
SB,SLB,Solomon Islands,636.36,2024,lifecycle,"Ember (2026) Yearly Electricity Data via Our World in Data, lifecycle gCO2e/kWh, CC BY"
SO,SOM,Somalia,511.63,2024,lifecycle,"Ember (2026) Yearly Electricity Data via Our World in Data, lifecycle gCO2e/kWh, CC BY"
ZA,ZAF,South Africa,699.29,2025,lifecycle,"Ember (2026) Yearly Electricity Data via Our World in Data, lifecycle gCO2e/kWh, CC BY"
OWID_SAM,OWID_SAM,South America,166.83075,2024,lifecycle,"Ember (2026) Yearly Electricity Data via Our World in Data, lifecycle gCO2e/kWh, CC BY"
KR,KOR,South Korea,417.06,2025,lifecycle,"Ember (2026) Yearly Electricity Data via Our World in Data, lifecycle gCO2e/kWh, CC BY"
SS,SSD,South Sudan,642.86,2024,lifecycle,"Ember (2026) Yearly Electricity Data via Our World in Data, lifecycle gCO2e/kWh, CC BY"
ES,ESP,Spain,153.6,2025,lifecycle,"Ember (2026) Yearly Electricity Data via Our World in Data, lifecycle gCO2e/kWh, CC BY"
LK,LKA,Sri Lanka,329.28,2025,lifecycle,"Ember (2026) Yearly Electricity Data via Our World in Data, lifecycle gCO2e/kWh, CC BY"
SD,SDN,Sudan,153.69,2024,lifecycle,"Ember (2026) Yearly Electricity Data via Our World in Data, lifecycle gCO2e/kWh, CC BY"
SR,SUR,Suriname,321.84,2024,lifecycle,"Ember (2026) Yearly Electricity Data via Our World in Data, lifecycle gCO2e/kWh, CC BY"
SE,SWE,Sweden,35.26,2025,lifecycle,"Ember (2026) Yearly Electricity Data via Our World in Data, lifecycle gCO2e/kWh, CC BY"
CH,CHE,Switzerland,39.22,2025,lifecycle,"Ember (2026) Yearly Electricity Data via Our World in Data, lifecycle gCO2e/kWh, CC BY"
SY,SYR,Syria,706.19,2024,lifecycle,"Ember (2026) Yearly Electricity Data via Our World in Data, lifecycle gCO2e/kWh, CC BY"
TW,TWN,Taiwan,633.21,2025,lifecycle,"Ember (2026) Yearly Electricity Data via Our World in Data, lifecycle gCO2e/kWh, CC BY"
TJ,TJK,Tajikistan,72.56,2025,lifecycle,"Ember (2026) Yearly Electricity Data via Our World in Data, lifecycle gCO2e/kWh, CC BY"
TZ,TZA,Tanzania,345.02,2024,lifecycle,"Ember (2026) Yearly Electricity Data via Our World in Data, lifecycle gCO2e/kWh, CC BY"
TH,THA,Thailand,545.74,2025,lifecycle,"Ember (2026) Yearly Electricity Data via Our World in Data, lifecycle gCO2e/kWh, CC BY"
TG,TGO,Togo,422.54,2024,lifecycle,"Ember (2026) Yearly Electricity Data via Our World in Data, lifecycle gCO2e/kWh, CC BY"
TO,TON,Tonga,571.43,2024,lifecycle,"Ember (2026) Yearly Electricity Data via Our World in Data, lifecycle gCO2e/kWh, CC BY"
TT,TTO,Trinidad and Tobago,681.68,2024,lifecycle,"Ember (2026) Yearly Electricity Data via Our World in Data, lifecycle gCO2e/kWh, CC BY"
TN,TUN,Tunisia,560.29,2025,lifecycle,"Ember (2026) Yearly Electricity Data via Our World in Data, lifecycle gCO2e/kWh, CC BY"
TR,TUR,Turkey,474.74,2025,lifecycle,"Ember (2026) Yearly Electricity Data via Our World in Data, lifecycle gCO2e/kWh, CC BY"
TM,TKM,Turkmenistan,1306.27,2024,lifecycle,"Ember (2026) Yearly Electricity Data via Our World in Data, lifecycle gCO2e/kWh, CC BY"
TC,TCA,Turks and Caicos Islands,629.63,2024,lifecycle,"Ember (2026) Yearly Electricity Data via Our World in Data, lifecycle gCO2e/kWh, CC BY"
UG,UGA,Uganda,58.52,2024,lifecycle,"Ember (2026) Yearly Electricity Data via Our World in Data, lifecycle gCO2e/kWh, CC BY"
UA,UKR,Ukraine,250.47,2022,lifecycle,"Ember (2026) Yearly Electricity Data via Our World in Data, lifecycle gCO2e/kWh, CC BY"
AE,ARE,United Arab Emirates,467.51,2024,lifecycle,"Ember (2026) Yearly Electricity Data via Our World in Data, lifecycle gCO2e/kWh, CC BY"
GB,GBR,United Kingdom,217.41,2025,lifecycle,"Ember (2026) Yearly Electricity Data via Our World in Data, lifecycle gCO2e/kWh, CC BY"
US,USA,United States,384.4,2025,lifecycle,"Ember (2026) Yearly Electricity Data via Our World in Data, lifecycle gCO2e/kWh, CC BY"
VI,VIR,Virgin Islands,678.96,2024,lifecycle,"Electricity Maps (2025). USA 2024 Yearly Carbon Intensity Data (Version January 27, 2025). Electricity Maps (via Green Algorithms data v3.1)"
OWID_UMC,OWID_UMC,Upper-middle-income countries,534.1768,2024,lifecycle,"Ember (2026) Yearly Electricity Data via Our World in Data, lifecycle gCO2e/kWh, CC BY"
UY,URY,Uruguay,80.4,2025,lifecycle,"Ember (2026) Yearly Electricity Data via Our World in Data, lifecycle gCO2e/kWh, CC BY"
UZ,UZB,Uzbekistan,1000.0,2025,lifecycle,"Ember (2026) Yearly Electricity Data via Our World in Data, lifecycle gCO2e/kWh, CC BY"
VU,VUT,Vanuatu,533.98,2024,lifecycle,"Electricity Maps (2025). Vanuatu 2024 Yearly Carbon Intensity Data (Version January 27, 2025). Electricity Maps (via Green Algorithms data v3.1)"
VE,VEN,Venezuela,85.86,2024,lifecycle,"Ember (2026) Yearly Electricity Data via Our World in Data, lifecycle gCO2e/kWh, CC BY"
VN,VNM,Vietnam,460.73,2025,lifecycle,"Ember (2026) Yearly Electricity Data via Our World in Data, lifecycle gCO2e/kWh, CC BY"
EH,ESH,Western Sahara,666.67,2009,lifecycle,"Ember (2026) Yearly Electricity Data via Our World in Data, lifecycle gCO2e/kWh, CC BY"
YE,YEM,Yemen,592.38,2024,lifecycle,"Ember (2026) Yearly Electricity Data via Our World in Data, lifecycle gCO2e/kWh, CC BY"
ZM,ZMB,Zambia,119.68,2024,lifecycle,"Ember (2026) Yearly Electricity Data via Our World in Data, lifecycle gCO2e/kWh, CC BY"
ZW,ZWE,Zimbabwe,384.02,2024,lifecycle,"Ember (2026) Yearly Electricity Data via Our World in Data, lifecycle gCO2e/kWh, CC BY"
CA-QC,CAN,"Canada, Quebec",35.04,2024,lifecycle,"Electricity Maps (2025). Canada 2024 Yearly Carbon Intensity Data (Version January 27, 2025). Electricity Maps (via Green Algorithms data v3.1)"
CA-YT,CAN,"Canada, Yukon",197.41,2024,lifecycle,"Electricity Maps (2025). Canada 2024 Yearly Carbon Intensity Data (Version January 27, 2025). Electricity Maps (via Green Algorithms data v3.1)"
ES-IB-FO,ESP,"Spain, Formentera",605.05,2024,lifecycle,"Electricity Maps (2025). Spain 2024 Yearly Carbon Intensity Data (Version January 27, 2025). Electricity Maps (via Green Algorithms data v3.1)"
US-NW-CHPD,USA,"USA, Chelan County",27.14,2024,lifecycle,"Electricity Maps (2025). USA 2024 Yearly Carbon Intensity Data (Version January 27, 2025). Electricity Maps (via Green Algorithms data v3.1)"
US-NW-SCL,USA,"USA, Seattle City Light",80.55,2024,lifecycle,"Electricity Maps (2025). USA 2024 Yearly Carbon Intensity Data (Version January 27, 2025). Electricity Maps (via Green Algorithms data v3.1)"
BR-N,BRA,"Brazil, North Brazil",133.04,2024,lifecycle,"Electricity Maps (2025). Brazil 2024 Yearly Carbon Intensity Data (Version January 27, 2025). Electricity Maps (via Green Algorithms data v3.1)"
AU-NSW,AUS,"Australia, New South Wales",541.42,2024,lifecycle,"Electricity Maps (2025). Australia 2024 Yearly Carbon Intensity Data (Version January 27, 2025). Electricity Maps (via Green Algorithms data v3.1)"
AU-TAS,AUS,"Australia, Tasmania",132.76,2024,lifecycle,"Electricity Maps (2025). Australia 2024 Yearly Carbon Intensity Data (Version January 27, 2025). Electricity Maps (via Green Algorithms data v3.1)"
JP-HR,JPN,"Japan, Hokuriku",451.06,2024,lifecycle,"Electricity Maps (2025). Japan 2024 Yearly Carbon Intensity Data (Version January 27, 2025). Electricity Maps (via Green Algorithms data v3.1)"
CA-NL,CAN,"Canada, Newfoundland and Labrador",27.6,2024,lifecycle,"Electricity Maps (2025). Canada 2024 Yearly Carbon Intensity Data (Version January 27, 2025). Electricity Maps (via Green Algorithms data v3.1)"
US-NW-NEVP,USA,"USA, Nevada Power Company",438.88,2024,lifecycle,"Electricity Maps (2025). USA 2024 Yearly Carbon Intensity Data (Version January 27, 2025). Electricity Maps (via Green Algorithms data v3.1)"
NO-NO4,NOR,"Norway, North Norway",55.31,2024,lifecycle,"Electricity Maps (2025). Norway 2024 Yearly Carbon Intensity Data (Version January 27, 2025). Electricity Maps (via Green Algorithms data v3.1)"
US-NW-GCPD,USA,"USA, Grant County",51.98,2024,lifecycle,"Electricity Maps (2025). USA 2024 Yearly Carbon Intensity Data (Version January 27, 2025). Electricity Maps (via Green Algorithms data v3.1)"
JP-CG,JPN,"Japan, Chugoku",471.38,2024,lifecycle,"Electricity Maps (2025). Japan 2024 Yearly Carbon Intensity Data (Version January 27, 2025). Electricity Maps (via Green Algorithms data v3.1)"
CA-PE,CAN,"Canada, Prince Edward Island",70.94,2024,lifecycle,"Electricity Maps (2025). Canada 2024 Yearly Carbon Intensity Data (Version January 27, 2025). Electricity Maps (via Green Algorithms data v3.1)"
US-NW-PGE,USA,"USA, Portland General Electric Company",217.5,2024,lifecycle,"Electricity Maps (2025). USA 2024 Yearly Carbon Intensity Data (Version January 27, 2025). Electricity Maps (via Green Algorithms data v3.1)"
ES-CN-FV,ESP,"Spain, Fuerteventura",753.61,2024,lifecycle,"Electricity Maps (2025). Spain 2024 Yearly Carbon Intensity Data (Version January 27, 2025). Electricity Maps (via Green Algorithms data v3.1)"
ES-CN-LP,ESP,"Spain, La Palma",842.6,2024,lifecycle,"Electricity Maps (2025). Spain 2024 Yearly Carbon Intensity Data (Version January 27, 2025). Electricity Maps (via Green Algorithms data v3.1)"
US-NW-BPAT,USA,"USA, Bonneville Power Administration",106.3,2024,lifecycle,"Electricity Maps (2025). USA 2024 Yearly Carbon Intensity Data (Version January 27, 2025). Electricity Maps (via Green Algorithms data v3.1)"
RU-1,RUS,"Russia, Europe-Ural",357.4,2024,lifecycle,"Electricity Maps (2025). Russia 2024 Yearly Carbon Intensity Data (Version January 27, 2025). Electricity Maps (via Green Algorithms data v3.1)"
US-MIDW-AECI,USA,"USA, Associated Electric Cooperative",616.01,2024,lifecycle,"Electricity Maps (2025). USA 2024 Yearly Carbon Intensity Data (Version January 27, 2025). Electricity Maps (via Green Algorithms data v3.1)"
IT-CNO,ITA,"Italy, Central North Italy",261.84,2024,lifecycle,"Electricity Maps (2025). Italy 2024 Yearly Carbon Intensity Data (Version January 27, 2025). Electricity Maps (via Green Algorithms data v3.1)"
ES-IB-IZ,ESP,"Spain, Ibiza",479.32,2024,lifecycle,"Electricity Maps (2025). Spain 2024 Yearly Carbon Intensity Data (Version January 27, 2025). Electricity Maps (via Green Algorithms data v3.1)"
US-NW-PSEI,USA,"USA, Puget Sound Energy",177.95,2024,lifecycle,"Electricity Maps (2025). USA 2024 Yearly Carbon Intensity Data (Version January 27, 2025). Electricity Maps (via Green Algorithms data v3.1)"
US-FLA-FPL,USA,"USA, Florida Power and Light Company",370.8,2024,lifecycle,"Electricity Maps (2025). USA 2024 Yearly Carbon Intensity Data (Version January 27, 2025). Electricity Maps (via Green Algorithms data v3.1)"
US-NW-GRID,USA,"USA, Gridforce Energy Management",490.89,2024,lifecycle,"Electricity Maps (2025). USA 2024 Yearly Carbon Intensity Data (Version January 27, 2025). Electricity Maps (via Green Algorithms data v3.1)"
US-CAL-TIDC,USA,"USA, Turlock Irrigation District",403.61,2024,lifecycle,"Electricity Maps (2025). USA 2024 Yearly Carbon Intensity Data (Version January 27, 2025). Electricity Maps (via Green Algorithms data v3.1)"
BR-S,BRA,"Brazil, South Brazil",78.31,2024,lifecycle,"Electricity Maps (2025). Brazil 2024 Yearly Carbon Intensity Data (Version January 27, 2025). Electricity Maps (via Green Algorithms data v3.1)"
US-HI,USA,"USA, Hawaii",530.63,2024,lifecycle,"Electricity Maps (2025). USA 2024 Yearly Carbon Intensity Data (Version January 27, 2025). Electricity Maps (via Green Algorithms data v3.1)"
US-NW-TPWR,USA,"USA, City of Tacoma",75.42,2024,lifecycle,"Electricity Maps (2025). USA 2024 Yearly Carbon Intensity Data (Version January 27, 2025). Electricity Maps (via Green Algorithms data v3.1)"
FO-MI,FRO,"Faroe Islands, Main Islands",396.29,2024,lifecycle,"Electricity Maps (2025). Faroe Islands 2024 Yearly Carbon Intensity Data (Version January 27, 2025). Electricity Maps (via Green Algorithms data v3.1)"
CW,CUW,Curacao,491.9,2024,lifecycle,"Electricity Maps (2025). Curacao 2024 Yearly Carbon Intensity Data (Version January 27, 2025). Electricity Maps (via Green Algorithms data v3.1)"
NO-NO3,NOR,"Norway, Middle Norway",28.73,2024,lifecycle,"Electricity Maps (2025). Norway 2024 Yearly Carbon Intensity Data (Version January 27, 2025). Electricity Maps (via Green Algorithms data v3.1)"
US-FLA-FPC,USA,"USA, Duke Energy Florida",503.2,2024,lifecycle,"Electricity Maps (2025). USA 2024 Yearly Carbon Intensity Data (Version January 27, 2025). Electricity Maps (via Green Algorithms data v3.1)"
US-CAL-IID,USA,"USA, Imperial Irrigation District",503.42,2024,lifecycle,"Electricity Maps (2025). USA 2024 Yearly Carbon Intensity Data (Version January 27, 2025). Electricity Maps (via Green Algorithms data v3.1)"
US-SE-SEPA,USA,"USA, Southeastern Power Administration",499.08,2024,lifecycle,"Electricity Maps (2025). USA 2024 Yearly Carbon Intensity Data (Version January 27, 2025). Electricity Maps (via Green Algorithms data v3.1)"
IN-NO,IND,"India, Northern India",570.63,2024,lifecycle,"Electricity Maps (2025). India 2024 Yearly Carbon Intensity Data (Version January 27, 2025). Electricity Maps (via Green Algorithms data v3.1)"
US-SE-SOCO,USA,"USA, Southern Company Services",421.01,2024,lifecycle,"Electricity Maps (2025). USA 2024 Yearly Carbon Intensity Data (Version January 27, 2025). Electricity Maps (via Green Algorithms data v3.1)"
US-FLA-FMPP,USA,"USA, Florida Municipal Power Pool",536.1,2024,lifecycle,"Electricity Maps (2025). USA 2024 Yearly Carbon Intensity Data (Version January 27, 2025). Electricity Maps (via Green Algorithms data v3.1)"
IT-NO,ITA,"Italy, North Italy",244.25,2024,lifecycle,"Electricity Maps (2025). Italy 2024 Yearly Carbon Intensity Data (Version January 27, 2025). Electricity Maps (via Green Algorithms data v3.1)"
US-CAR-YAD,USA,"USA, Alcoa Power Generating, Inc. Yadkin Division",52.58,2024,lifecycle,"Electricity Maps (2025). USA 2024 Yearly Carbon Intensity Data (Version January 27, 2025). Electricity Maps (via Green Algorithms data v3.1)"
SE-SE1,SWE,"Sweden, North Sweden",15.27,2024,lifecycle,"Electricity Maps (2025). Sweden 2024 Yearly Carbon Intensity Data (Version January 27, 2025). Electricity Maps (via Green Algorithms data v3.1)"
AU-WA,AUS,"Australia, Western Australia",395.13,2024,lifecycle,"Electricity Maps (2025). Australia 2024 Yearly Carbon Intensity Data (Version January 27, 2025). Electricity Maps (via Green Algorithms data v3.1)"
US-CAL-CISO,USA,"USA, CAISO",227.14,2024,lifecycle,"Electricity Maps (2025). USA 2024 Yearly Carbon Intensity Data (Version January 27, 2025). Electricity Maps (via Green Algorithms data v3.1)"
US-CAR-DUK,USA,"USA, Duke Energy Carolinas",301.71,2024,lifecycle,"Electricity Maps (2025). USA 2024 Yearly Carbon Intensity Data (Version January 27, 2025). Electricity Maps (via Green Algorithms data v3.1)"
US-MIDW-LGEE,USA,"USA, Louisville Gas and Electric Company and Kentucky Utilities",856.32,2024,lifecycle,"Electricity Maps (2025). USA 2024 Yearly Carbon Intensity Data (Version January 27, 2025). Electricity Maps (via Green Algorithms data v3.1)"
US-CAL-BANC,USA,"USA, Balancing Authority of Northern California",271.48,2024,lifecycle,"Electricity Maps (2025). USA 2024 Yearly Carbon Intensity Data (Version January 27, 2025). Electricity Maps (via Green Algorithms data v3.1)"
IN-EA,IND,"India, Eastern India",768.96,2024,lifecycle,"Electricity Maps (2025). India 2024 Yearly Carbon Intensity Data (Version January 27, 2025). Electricity Maps (via Green Algorithms data v3.1)"
GB-NIR,GBR,"Northern Ireland, Northern Ireland",306.34,2024,lifecycle,"Electricity Maps (2025). Northern Ireland 2024 Yearly Carbon Intensity Data (Version January 27, 2025). Electricity Maps (via Green Algorithms data v3.1)"
FM,FSM,Micronesia,614.98,2024,lifecycle,"Electricity Maps (2025). Micronesia 2024 Yearly Carbon Intensity Data (Version January 27, 2025). Electricity Maps (via Green Algorithms data v3.1)"
JP-KY,JPN,"Japan, Kyushu",309.8,2024,lifecycle,"Electricity Maps (2025). Japan 2024 Yearly Carbon Intensity Data (Version January 27, 2025). Electricity Maps (via Green Algorithms data v3.1)"
NO-NO2,NOR,"Norway, Southwest Norway",34.25,2024,lifecycle,"Electricity Maps (2025). Norway 2024 Yearly Carbon Intensity Data (Version January 27, 2025). Electricity Maps (via Green Algorithms data v3.1)"
XK,XK,Kosovo,652.52,2024,lifecycle,"Electricity Maps (2025). Kosovo 2024 Yearly Carbon Intensity Data (Version January 27, 2025). Electricity Maps (via Green Algorithms data v3.1)"
US-FLA-JEA,USA,"USA, Jacksonville Electric Authority",613.55,2024,lifecycle,"Electricity Maps (2025). USA 2024 Yearly Carbon Intensity Data (Version January 27, 2025). Electricity Maps (via Green Algorithms data v3.1)"
US-NW-NWMT,USA,"USA, Northwestern Energy",532.01,2024,lifecycle,"Electricity Maps (2025). USA 2024 Yearly Carbon Intensity Data (Version January 27, 2025). Electricity Maps (via Green Algorithms data v3.1)"
CA-AB,CAN,"Canada, Alberta",402.01,2024,lifecycle,"Electricity Maps (2025). Canada 2024 Yearly Carbon Intensity Data (Version January 27, 2025). Electricity Maps (via Green Algorithms data v3.1)"
ES-CN-GC,ESP,"Spain, Gran Canaria",697.38,2024,lifecycle,"Electricity Maps (2025). Spain 2024 Yearly Carbon Intensity Data (Version January 27, 2025). Electricity Maps (via Green Algorithms data v3.1)"
AU-WA-RI,AUS,"Australia, Rottnest Island",519.94,2024,lifecycle,"Electricity Maps (2025). Australia 2024 Yearly Carbon Intensity Data (Version January 27, 2025). Electricity Maps (via Green Algorithms data v3.1)"
AU-TAS-KI,AUS,"Australia, King Island",451.91,2024,lifecycle,"Electricity Maps (2025). Australia 2024 Yearly Carbon Intensity Data (Version January 27, 2025). Electricity Maps (via Green Algorithms data v3.1)"
FR-COR,FRA,"France, Corsica",492.03,2024,lifecycle,"Electricity Maps (2025). France 2024 Yearly Carbon Intensity Data (Version January 27, 2025). Electricity Maps (via Green Algorithms data v3.1)"
IN-WE,IND,"India, Western India",736.13,2024,lifecycle,"Electricity Maps (2025). India 2024 Yearly Carbon Intensity Data (Version January 27, 2025). Electricity Maps (via Green Algorithms data v3.1)"
US-NE-ISNE,USA,"USA, ISO New England",298.27,2024,lifecycle,"Electricity Maps (2025). USA 2024 Yearly Carbon Intensity Data (Version January 27, 2025). Electricity Maps (via Green Algorithms data v3.1)"
US-NW-WACM,USA,"USA, Western Area Power Administration - Rocky Mountain Region",640.93,2024,lifecycle,"Electricity Maps (2025). USA 2024 Yearly Carbon Intensity Data (Version January 27, 2025). Electricity Maps (via Green Algorithms data v3.1)"
ES-IB-MA,ESP,"Spain, Mallorca",381.05,2024,lifecycle,"Electricity Maps (2025). Spain 2024 Yearly Carbon Intensity Data (Version January 27, 2025). Electricity Maps (via Green Algorithms data v3.1)"
NO-NO5,NOR,"Norway, West Norway",26.34,2024,lifecycle,"Electricity Maps (2025). Norway 2024 Yearly Carbon Intensity Data (Version January 27, 2025). Electricity Maps (via Green Algorithms data v3.1)"
US-MIDA-PJM,USA,"USA, PJM Interconnection",400.21,2024,lifecycle,"Electricity Maps (2025). USA 2024 Yearly Carbon Intensity Data (Version January 27, 2025). Electricity Maps (via Green Algorithms data v3.1)"
DK-DK1,DNK,"Denmark, West Denmark",120.04,2024,lifecycle,"Electricity Maps (2025). Denmark 2024 Yearly Carbon Intensity Data (Version January 27, 2025). Electricity Maps (via Green Algorithms data v3.1)"
US-AK,USA,"USA, Alaska",501.52,2024,lifecycle,"Electricity Maps (2025). USA 2024 Yearly Carbon Intensity Data (Version January 27, 2025). Electricity Maps (via Green Algorithms data v3.1)"
FO-SI,FRO,"Faroe Islands, South Island",421.45,2024,lifecycle,"Electricity Maps (2025). Faroe Islands 2024 Yearly Carbon Intensity Data (Version January 27, 2025). Electricity Maps (via Green Algorithms data v3.1)"
MY-WM,MYS,"Malaysia, Peninsula",644.72,2024,lifecycle,"Electricity Maps (2025). Malaysia 2024 Yearly Carbon Intensity Data (Version January 27, 2025). Electricity Maps (via Green Algorithms data v3.1)"
AU-QLD,AUS,"Australia, Queensland",580.99,2024,lifecycle,"Electricity Maps (2025). Australia 2024 Yearly Carbon Intensity Data (Version January 27, 2025). Electricity Maps (via Green Algorithms data v3.1)"
US-NW-AVA,USA,"USA, Avista Corporation",213.29,2024,lifecycle,"Electricity Maps (2025). USA 2024 Yearly Carbon Intensity Data (Version January 27, 2025). Electricity Maps (via Green Algorithms data v3.1)"
JP-TK,JPN,"Japan, Tokyo",539.68,2024,lifecycle,"Electricity Maps (2025). Japan 2024 Yearly Carbon Intensity Data (Version January 27, 2025). Electricity Maps (via Green Algorithms data v3.1)"
CA-NB,CAN,"Canada, New Brunswick",153.33,2024,lifecycle,"Electricity Maps (2025). Canada 2024 Yearly Carbon Intensity Data (Version January 27, 2025). Electricity Maps (via Green Algorithms data v3.1)"
US-SW-PNM,USA,"USA, Public Service Company of New Mexico",346.37,2024,lifecycle,"Electricity Maps (2025). USA 2024 Yearly Carbon Intensity Data (Version January 27, 2025). Electricity Maps (via Green Algorithms data v3.1)"
AU-VIC,AUS,"Australia, Victoria",496.28,2024,lifecycle,"Electricity Maps (2025). Australia 2024 Yearly Carbon Intensity Data (Version January 27, 2025). Electricity Maps (via Green Algorithms data v3.1)"
US-MIDW-MISO,USA,"USA, Midcontinent ISO",485.4,2024,lifecycle,"Electricity Maps (2025). USA 2024 Yearly Carbon Intensity Data (Version January 27, 2025). Electricity Maps (via Green Algorithms data v3.1)"
US-SW-WALC,USA,"USA, Western Area Power Administration - Desert Southwest Region",321.05,2024,lifecycle,"Electricity Maps (2025). USA 2024 Yearly Carbon Intensity Data (Version January 27, 2025). Electricity Maps (via Green Algorithms data v3.1)"
AU-SA,AUS,"Australia, South Australia",184.04,2024,lifecycle,"Electricity Maps (2025). Australia 2024 Yearly Carbon Intensity Data (Version January 27, 2025). Electricity Maps (via Green Algorithms data v3.1)"
US-FLA-HST,USA,"USA, City of Homestead",372.59,2024,lifecycle,"Electricity Maps (2025). USA 2024 Yearly Carbon Intensity Data (Version January 27, 2025). Electricity Maps (via Green Algorithms data v3.1)"
US-TEN-TVA,USA,"USA, Tennessee Valley Authority",375.99,2024,lifecycle,"Electricity Maps (2025). USA 2024 Yearly Carbon Intensity Data (Version January 27, 2025). Electricity Maps (via Green Algorithms data v3.1)"
US-NW-IPCO,USA,"USA, Idaho Power Company",306.13,2024,lifecycle,"Electricity Maps (2025). USA 2024 Yearly Carbon Intensity Data (Version January 27, 2025). Electricity Maps (via Green Algorithms data v3.1)"
US-CAL-LDWP,USA,"USA, Los Angeles Department of Water and Power",375.29,2024,lifecycle,"Electricity Maps (2025). USA 2024 Yearly Carbon Intensity Data (Version January 27, 2025). Electricity Maps (via Green Algorithms data v3.1)"
US-CENT-SPA,USA,"USA, Southwestern Power Administration",122.42,2024,lifecycle,"Electricity Maps (2025). USA 2024 Yearly Carbon Intensity Data (Version January 27, 2025). Electricity Maps (via Green Algorithms data v3.1)"
ES-CE,ESP,"Spain, Ceuta",649.21,2024,lifecycle,"Electricity Maps (2025). Spain 2024 Yearly Carbon Intensity Data (Version January 27, 2025). Electricity Maps (via Green Algorithms data v3.1)"
SE-SE3,SWE,"Sweden, South Central Sweden",20.42,2024,lifecycle,"Electricity Maps (2025). Sweden 2024 Yearly Carbon Intensity Data (Version January 27, 2025). Electricity Maps (via Green Algorithms data v3.1)"
IT-SAR,ITA,"Italy, Sardinia",523.87,2024,lifecycle,"Electricity Maps (2025). Italy 2024 Yearly Carbon Intensity Data (Version January 27, 2025). Electricity Maps (via Green Algorithms data v3.1)"
CA-ON,CAN,"Canada, Ontario",90.97,2024,lifecycle,"Electricity Maps (2025). Canada 2024 Yearly Carbon Intensity Data (Version January 27, 2025). Electricity Maps (via Green Algorithms data v3.1)"
PH-MI,PHL,"Philippines, Mindanao",562.75,2024,lifecycle,"Electricity Maps (2025). Philippines 2024 Yearly Carbon Intensity Data (Version January 27, 2025). Electricity Maps (via Green Algorithms data v3.1)"
PH-LU,PHL,"Philippines, Luzon",642.05,2024,lifecycle,"Electricity Maps (2025). Philippines 2024 Yearly Carbon Intensity Data (Version January 27, 2025). Electricity Maps (via Green Algorithms data v3.1)"
US-FLA-TEC,USA,"USA, Tampa Electric Company",468.38,2024,lifecycle,"Electricity Maps (2025). USA 2024 Yearly Carbon Intensity Data (Version January 27, 2025). Electricity Maps (via Green Algorithms data v3.1)"
JP-KN,JPN,"Japan, Kansai",361.01,2024,lifecycle,"Electricity Maps (2025). Japan 2024 Yearly Carbon Intensity Data (Version January 27, 2025). Electricity Maps (via Green Algorithms data v3.1)"
GS,SGS,South Georgia and the South Sandwich Islands,23.83,2024,lifecycle,"Electricity Maps (2025). South Georgia and the South Sandwich Islands 2024 Yearly Carbon Intensity Data (Version January 27, 2025). Electricity Maps (via Green Algorithms data v3.1)"
JP-SK,JPN,"Japan, Shikoku",369.82,2024,lifecycle,"Electricity Maps (2025). Japan 2024 Yearly Carbon Intensity Data (Version January 27, 2025). Electricity Maps (via Green Algorithms data v3.1)"
US-CAR-SC,USA,"USA, South Carolina Public Service Authority",660.97,2024,lifecycle,"Electricity Maps (2025). USA 2024 Yearly Carbon Intensity Data (Version January 27, 2025). Electricity Maps (via Green Algorithms data v3.1)"
ES-CN-HI,ESP,"Spain, El Hierro",503.73,2024,lifecycle,"Electricity Maps (2025). Spain 2024 Yearly Carbon Intensity Data (Version January 27, 2025). Electricity Maps (via Green Algorithms data v3.1)"
CA-MB,CAN,"Canada, Manitoba",52.89,2024,lifecycle,"Electricity Maps (2025). Canada 2024 Yearly Carbon Intensity Data (Version January 27, 2025). Electricity Maps (via Green Algorithms data v3.1)"
ES-ML,ESP,"Spain, Melilla",618.95,2024,lifecycle,"Electricity Maps (2025). Spain 2024 Yearly Carbon Intensity Data (Version January 27, 2025). Electricity Maps (via Green Algorithms data v3.1)"
US-FLA-GVL,USA,"USA, Gainesville Regional Utilities",573.59,2024,lifecycle,"Electricity Maps (2025). USA 2024 Yearly Carbon Intensity Data (Version January 27, 2025). Electricity Maps (via Green Algorithms data v3.1)"
JP-ON,JPN,"Japan, Okinawa",593.34,2024,lifecycle,"Electricity Maps (2025). Japan 2024 Yearly Carbon Intensity Data (Version January 27, 2025). Electricity Maps (via Green Algorithms data v3.1)"
ES-CN-IG,ESP,"Spain, Isla de la Gomera",861.68,2024,lifecycle,"Electricity Maps (2025). Spain 2024 Yearly Carbon Intensity Data (Version January 27, 2025). Electricity Maps (via Green Algorithms data v3.1)"
IT-CSO,ITA,"Italy, Central South Italy",301.68,2024,lifecycle,"Electricity Maps (2025). Italy 2024 Yearly Carbon Intensity Data (Version January 27, 2025). Electricity Maps (via Green Algorithms data v3.1)"
US-NY-NYIS,USA,"USA, New York ISO",297.49,2024,lifecycle,"Electricity Maps (2025). USA 2024 Yearly Carbon Intensity Data (Version January 27, 2025). Electricity Maps (via Green Algorithms data v3.1)"
US-AK-SEAPA,USA,"USA, Southeast Alaska Power Agency",27.03,2024,lifecycle,"Electricity Maps (2025). USA 2024 Yearly Carbon Intensity Data (Version January 27, 2025). Electricity Maps (via Green Algorithms data v3.1)"
DK-BHM,DNK,"Denmark, Bornholm",58.53,2024,lifecycle,"Electricity Maps (2025). Denmark 2024 Yearly Carbon Intensity Data (Version January 27, 2025). Electricity Maps (via Green Algorithms data v3.1)"
US-SW-TEPC,USA,"USA, Tucson Electric Power Company",596.46,2024,lifecycle,"Electricity Maps (2025). USA 2024 Yearly Carbon Intensity Data (Version January 27, 2025). Electricity Maps (via Green Algorithms data v3.1)"
US-FLA-TAL,USA,"USA, City of Tallahassee",461.54,2024,lifecycle,"Electricity Maps (2025). USA 2024 Yearly Carbon Intensity Data (Version January 27, 2025). Electricity Maps (via Green Algorithms data v3.1)"
IT-SO,ITA,"Italy, South Italy",299.23,2024,lifecycle,"Electricity Maps (2025). Italy 2024 Yearly Carbon Intensity Data (Version January 27, 2025). Electricity Maps (via Green Algorithms data v3.1)"
CA-NU,CAN,"Canada, Nunavut",648.92,2024,lifecycle,"Electricity Maps (2025). Canada 2024 Yearly Carbon Intensity Data (Version January 27, 2025). Electricity Maps (via Green Algorithms data v3.1)"
RU-2,RUS,"Russia, Siberia",390.92,2024,lifecycle,"Electricity Maps (2025). Russia 2024 Yearly Carbon Intensity Data (Version January 27, 2025). Electricity Maps (via Green Algorithms data v3.1)"
US-SW-AZPS,USA,"USA, Arizona Public Service Company",420.52,2024,lifecycle,"Electricity Maps (2025). USA 2024 Yearly Carbon Intensity Data (Version January 27, 2025). Electricity Maps (via Green Algorithms data v3.1)"
CL-SEN,CHL,"Chile, Sistema Electrico Nacional",235.86,2024,lifecycle,"Electricity Maps (2025). Chile 2024 Yearly Carbon Intensity Data (Version January 27, 2025). Electricity Maps (via Green Algorithms data v3.1)"
SE-SE4,SWE,"Sweden, South Sweden",39.52,2024,lifecycle,"Electricity Maps (2025). Sweden 2024 Yearly Carbon Intensity Data (Version January 27, 2025). Electricity Maps (via Green Algorithms data v3.1)"
US-SW-EPE,USA,"USA, El Paso Electric Company",536.99,2024,lifecycle,"Electricity Maps (2025). USA 2024 Yearly Carbon Intensity Data (Version January 27, 2025). Electricity Maps (via Green Algorithms data v3.1)"
IN-SO,IND,"India, Southern India",549.08,2024,lifecycle,"Electricity Maps (2025). India 2024 Yearly Carbon Intensity Data (Version January 27, 2025). Electricity Maps (via Green Algorithms data v3.1)"
AX,ALA,Aland Islands,18.89,2024,lifecycle,"Electricity Maps (2025). Aland Islands 2024 Yearly Carbon Intensity Data (Version January 27, 2025). Electricity Maps (via Green Algorithms data v3.1)"
CA-SK,CAN,"Canada, Saskatchewan",487.75,2024,lifecycle,"Electricity Maps (2025). Canada 2024 Yearly Carbon Intensity Data (Version January 27, 2025). Electricity Maps (via Green Algorithms data v3.1)"
PH-VI,PHL,"Philippines, Visayas",594.2,2024,lifecycle,"Electricity Maps (2025). Philippines 2024 Yearly Carbon Intensity Data (Version January 27, 2025). Electricity Maps (via Green Algorithms data v3.1)"
JP-HKD,JPN,"Japan, Hokkaido",464.86,2024,lifecycle,"Electricity Maps (2025). Japan 2024 Yearly Carbon Intensity Data (Version January 27, 2025). Electricity Maps (via Green Algorithms data v3.1)"
DK-DK2,DNK,"Denmark, East Denmark",130.72,2024,lifecycle,"Electricity Maps (2025). Denmark 2024 Yearly Carbon Intensity Data (Version January 27, 2025). Electricity Maps (via Green Algorithms data v3.1)"
US-FLA-SEC,USA,"USA, Seminole Electric Cooperative",590.95,2024,lifecycle,"Electricity Maps (2025). USA 2024 Yearly Carbon Intensity Data (Version January 27, 2025). Electricity Maps (via Green Algorithms data v3.1)"
US-CAR-SCEG,USA,"USA, South Carolina Electric & Gas Company",455.96,2024,lifecycle,"Electricity Maps (2025). USA 2024 Yearly Carbon Intensity Data (Version January 27, 2025). Electricity Maps (via Green Algorithms data v3.1)"
MY-EM,MYS,"Malaysia, Borneo",385.43,2024,lifecycle,"Electricity Maps (2025). Malaysia 2024 Yearly Carbon Intensity Data (Version January 27, 2025). Electricity Maps (via Green Algorithms data v3.1)"
US-NW-DOPD,USA,"USA, Douglas County",33.62,2024,lifecycle,"Electricity Maps (2025). USA 2024 Yearly Carbon Intensity Data (Version January 27, 2025). Electricity Maps (via Green Algorithms data v3.1)"
US-CAR-CPLE,USA,"USA, Duke Energy Progress East",340.82,2024,lifecycle,"Electricity Maps (2025). USA 2024 Yearly Carbon Intensity Data (Version January 27, 2025). Electricity Maps (via Green Algorithms data v3.1)"
CA-NT,CAN,"Canada, Northwest Territories",104.54,2024,lifecycle,"Electricity Maps (2025). Canada 2024 Yearly Carbon Intensity Data (Version January 27, 2025). Electricity Maps (via Green Algorithms data v3.1)"
IN-NE,IND,"India, North Eastern India",424.14,2024,lifecycle,"Electricity Maps (2025). India 2024 Yearly Carbon Intensity Data (Version January 27, 2025). Electricity Maps (via Green Algorithms data v3.1)"
IT-SIC,ITA,"Italy, Sicily",315.33,2024,lifecycle,"Electricity Maps (2025). Italy 2024 Yearly Carbon Intensity Data (Version January 27, 2025). Electricity Maps (via Green Algorithms data v3.1)"
US-NW-PSCO,USA,"USA, Public Service Company of Colorado",456.21,2024,lifecycle,"Electricity Maps (2025). USA 2024 Yearly Carbon Intensity Data (Version January 27, 2025). Electricity Maps (via Green Algorithms data v3.1)"
PW,PLW,Palau,608.09,2024,lifecycle,"Electricity Maps (2025). Palau 2024 Yearly Carbon Intensity Data (Version January 27, 2025). Electricity Maps (via Green Algorithms data v3.1)"
JP-TH,JPN,"Japan, Tohoku",480.58,2024,lifecycle,"Electricity Maps (2025). Japan 2024 Yearly Carbon Intensity Data (Version January 27, 2025). Electricity Maps (via Green Algorithms data v3.1)"
US-NW-PACE,USA,"USA, Pacificorp East",608.94,2024,lifecycle,"Electricity Maps (2025). USA 2024 Yearly Carbon Intensity Data (Version January 27, 2025). Electricity Maps (via Green Algorithms data v3.1)"
BR-NE,BRA,"Brazil, North-East Brazil",44.7,2024,lifecycle,"Electricity Maps (2025). Brazil 2024 Yearly Carbon Intensity Data (Version January 27, 2025). Electricity Maps (via Green Algorithms data v3.1)"
US-CAR-CPLW,USA,"USA, Duke Energy Progress West",478.84,2024,lifecycle,"Electricity Maps (2025). USA 2024 Yearly Carbon Intensity Data (Version January 27, 2025). Electricity Maps (via Green Algorithms data v3.1)"
GB-ORK,GBR,"Great Britain, Orkney Islands",62.41,2024,lifecycle,"Electricity Maps (2025). Great Britain 2024 Yearly Carbon Intensity Data (Version January 27, 2025). Electricity Maps (via Green Algorithms data v3.1)"
JP-CB,JPN,"Japan, Chubu",479.95,2024,lifecycle,"Electricity Maps (2025). Japan 2024 Yearly Carbon Intensity Data (Version January 27, 2025). Electricity Maps (via Green Algorithms data v3.1)"
CA-NS,CAN,"Canada, Nova Scotia",396.29,2024,lifecycle,"Electricity Maps (2025). Canada 2024 Yearly Carbon Intensity Data (Version January 27, 2025). Electricity Maps (via Green Algorithms data v3.1)"
ES-CN-TE,ESP,"Spain, Tenerife",763.09,2024,lifecycle,"Electricity Maps (2025). Spain 2024 Yearly Carbon Intensity Data (Version January 27, 2025). Electricity Maps (via Green Algorithms data v3.1)"
US-NW-WAUW,USA,"USA, Western Area Power Administration - Upper Great Plains West",274.72,2024,lifecycle,"Electricity Maps (2025). USA 2024 Yearly Carbon Intensity Data (Version January 27, 2025). Electricity Maps (via Green Algorithms data v3.1)"
US-TEX-ERCO,USA,"USA, Electric Reliability Council of Texas",369.89,2024,lifecycle,"Electricity Maps (2025). USA 2024 Yearly Carbon Intensity Data (Version January 27, 2025). Electricity Maps (via Green Algorithms data v3.1)"
AU-TAS-FI,AUS,"Australia, Flinders Island",260.15,2024,lifecycle,"Electricity Maps (2025). Australia 2024 Yearly Carbon Intensity Data (Version January 27, 2025). Electricity Maps (via Green Algorithms data v3.1)"
CA-BC,CAN,"Canada, British Columbia",70.34,2024,lifecycle,"Electricity Maps (2025). Canada 2024 Yearly Carbon Intensity Data (Version January 27, 2025). Electricity Maps (via Green Algorithms data v3.1)"
US-NW-PACW,USA,"USA, Pacificorp West",194.68,2024,lifecycle,"Electricity Maps (2025). USA 2024 Yearly Carbon Intensity Data (Version January 27, 2025). Electricity Maps (via Green Algorithms data v3.1)"
SE-SE2,SWE,"Sweden, North Central Sweden",15.73,2024,lifecycle,"Electricity Maps (2025). Sweden 2024 Yearly Carbon Intensity Data (Version January 27, 2025). Electricity Maps (via Green Algorithms data v3.1)"
ES-CN-LZ,ESP,"Spain, Lanzarote",827.84,2024,lifecycle,"Electricity Maps (2025). Spain 2024 Yearly Carbon Intensity Data (Version January 27, 2025). Electricity Maps (via Green Algorithms data v3.1)"
BR-CS,BRA,"Brazil, Central Brazil",102.1,2024,lifecycle,"Electricity Maps (2025). Brazil 2024 Yearly Carbon Intensity Data (Version January 27, 2025). Electricity Maps (via Green Algorithms data v3.1)"
US-CENT-SWPP,USA,"USA, Southwest Power Pool",427.54,2024,lifecycle,"Electricity Maps (2025). USA 2024 Yearly Carbon Intensity Data (Version January 27, 2025). Electricity Maps (via Green Algorithms data v3.1)"
RU-AS,RUS,"Russia, East",449.39,2024,lifecycle,"Electricity Maps (2025). Russia 2024 Yearly Carbon Intensity Data (Version January 27, 2025). Electricity Maps (via Green Algorithms data v3.1)"
YT,MYT,Mayotte,570.77,2024,lifecycle,"Electricity Maps (2025). Mayotte 2024 Yearly Carbon Intensity Data (Version January 27, 2025). Electricity Maps (via Green Algorithms data v3.1)"
NO-NO1,NOR,"Norway, Southeast Norway",26.66,2024,lifecycle,"Electricity Maps (2025). Norway 2024 Yearly Carbon Intensity Data (Version January 27, 2025). Electricity Maps (via Green Algorithms data v3.1)"
ES-IB-ME,ESP,"Spain, Menorca",796.17,2024,lifecycle,"Electricity Maps (2025). Spain 2024 Yearly Carbon Intensity Data (Version January 27, 2025). Electricity Maps (via Green Algorithms data v3.1)"
US-SW-SRP,USA,"USA, Salt River Project",304.8,2024,lifecycle,"Electricity Maps (2025). USA 2024 Yearly Carbon Intensity Data (Version January 27, 2025). Electricity Maps (via Green Algorithms data v3.1)"
AU-NT,AUS,"Australia, Northern Territory",494.57,2024,lifecycle,"Electricity Maps (2025). Australia 2024 Yearly Carbon Intensity Data (Version January 27, 2025). Electricity Maps (via Green Algorithms data v3.1)"
GLOBAL,GLOBAL,Global,480.0,2024,lifecycle, (via Green Algorithms data v3.1)
